ja3,ja3s,sni,app_name
44dab16d680ef93487bc16ad23b3ffb1,273effe3f8b3f3ac8ebda978baecfdd9,i.instagram.com,instagram
656b9a2f4de6ed4909e157482860ab3d,53c08380104ca48b655af0e3e98dee12,graph.facebook.com,instagram
44dab16d680ef93487bc16ad23b3ffb1,273effe3f8b3f3ac8ebda978baecfdd9,scontent-vie1-1.cdninstagram.com,instagram
44dab16d680ef93487bc16ad23b3ffb1,273effe3f8b3f3ac8ebda978baecfdd9,scontent-vie1-1.xx.fbcdn.net,instagram
656b9a2f4de6ed4909e157482860ab3d,53c08380104ca48b655af0e3e98dee12,web.facebook.com,messenger
656b9a2f4de6ed4909e157482860ab3d,53c08380104ca48b655af0e3e98dee12,scontent.xx.fbcdn.net,messenger
656b9a2f4de6ed4909e157482860ab3d,53c08380104ca48b655af0e3e98dee12,video.xx.fbcdn.net,messenger
7b99be8ddade2a859c43244c4b641ef6,53c08380104ca48b655af0e3e98dee12,graph.facebook.com,medium
39393f7cbec6c22fb14ecc6585bbbbdb,078802f057e203b0376c1876005acd82,firebaseinstallations.googleapis.com,medium
39393f7cbec6c22fb14ecc6585bbbbdb,078802f057e203b0376c1876005acd82,api.medium.com,medium
7b99be8ddade2a859c43244c4b641ef6,078802f057e203b0376c1876005acd82,cdn-images-1.medium.com,medium
39393f7cbec6c22fb14ecc6585bbbbdb,078802f057e203b0376c1876005acd82,cdn-static-1.medium.com,medium
39393f7cbec6c22fb14ecc6585bbbbdb,078802f057e203b0376c1876005acd82,medium.com,medium
39393f7cbec6c22fb14ecc6585bbbbdb,078802f057e203b0376c1876005acd82,firebaselogging-pa.googleapis.com,medium
39393f7cbec6c22fb14ecc6585bbbbdb,078802f057e203b0376c1876005acd82,lightstep.medium.systems,medium
39393f7cbec6c22fb14ecc6585bbbbdb,078802f057e203b0376c1876005acd82,ios.prod.ftl.netflix.com,netflix
39393f7cbec6c22fb14ecc6585bbbbdb,e5d884997038f295b595cb69afbfdb85,ichnaea-web.netflix.com,netflix
39393f7cbec6c22fb14ecc6585bbbbdb,e5d884997038f295b595cb69afbfdb85,ios.prod.http1.netflix.com,netflix
39393f7cbec6c22fb14ecc6585bbbbdb,53c08380104ca48b655af0e3e98dee12,occ-0-1490-1489.1.nflxso.net,netflix
39393f7cbec6c22fb14ecc6585bbbbdb,078802f057e203b0376c1876005acd82,ios.prod.cloud.netflix.com,netflix
39393f7cbec6c22fb14ecc6585bbbbdb,53c08380104ca48b655af0e3e98dee12,ipv4-c058-vie001-ix.1.oca.nflxvideo.net,netflix
39393f7cbec6c22fb14ecc6585bbbbdb,53c08380104ca48b655af0e3e98dee12,ipv4-c039-fra002-ix.1.oca.nflxvideo.net,netflix
39393f7cbec6c22fb14ecc6585bbbbdb,53c08380104ca48b655af0e3e98dee12,ipv4-c036-vie001-ix.1.oca.nflxvideo.net,netflix
39393f7cbec6c22fb14ecc6585bbbbdb,53c08380104ca48b655af0e3e98dee12,ipv4-c054-vie001-ix.1.oca.nflxvideo.net,netflix
39393f7cbec6c22fb14ecc6585bbbbdb,53c08380104ca48b655af0e3e98dee12,ipv4-c015-vie001-ix.1.oca.nflxvideo.net,netflix
39393f7cbec6c22fb14ecc6585bbbbdb,53c08380104ca48b655af0e3e98dee12,ipv4-c056-vie001-ix.1.oca.nflxvideo.net,netflix
656b9a2f4de6ed4909e157482860ab3d,53c08380104ca48b655af0e3e98dee12,ipv4-c054-vie001-ix.1.oca.nflxvideo.net,netflix
656b9a2f4de6ed4909e157482860ab3d,53c08380104ca48b655af0e3e98dee12,ipv4-c036-vie001-ix.1.oca.nflxvideo.net,netflix
656b9a2f4de6ed4909e157482860ab3d,53c08380104ca48b655af0e3e98dee12,ipv4-c056-vie001-ix.1.oca.nflxvideo.net,netflix
39393f7cbec6c22fb14ecc6585bbbbdb,53c08380104ca48b655af0e3e98dee12,ipv4-c004-vie001-ix.1.oca.nflxvideo.net,netflix
39393f7cbec6c22fb14ecc6585bbbbdb,53c08380104ca48b655af0e3e98dee12,ipv4-c013-vie001-ix.1.oca.nflxvideo.net,netflix
39393f7cbec6c22fb14ecc6585bbbbdb,53c08380104ca48b655af0e3e98dee12,ipv4-c003-fra002-ix.1.oca.nflxvideo.net,netflix
39393f7cbec6c22fb14ecc6585bbbbdb,53c08380104ca48b655af0e3e98dee12,ipv4-c129-fra002-ix.1.oca.nflxvideo.net,netflix
656b9a2f4de6ed4909e157482860ab3d,53c08380104ca48b655af0e3e98dee12,ipv4-c003-fra002-ix.1.oca.nflxvideo.net,netflix
656b9a2f4de6ed4909e157482860ab3d,53c08380104ca48b655af0e3e98dee12,ipv4-c129-fra002-ix.1.oca.nflxvideo.net,netflix
39393f7cbec6c22fb14ecc6585bbbbdb,53c08380104ca48b655af0e3e98dee12,ipv4-c049-fra002-ix.1.oca.nflxvideo.net,netflix
39393f7cbec6c22fb14ecc6585bbbbdb,53c08380104ca48b655af0e3e98dee12,ipv4-c001-vie001-ix.1.oca.nflxvideo.net,netflix
39393f7cbec6c22fb14ecc6585bbbbdb,53c08380104ca48b655af0e3e98dee12,ipv4-c022-vie001-ix.1.oca.nflxvideo.net,netflix
39393f7cbec6c22fb14ecc6585bbbbdb,53c08380104ca48b655af0e3e98dee12,ipv4-c033-vie001-ix.1.oca.nflxvideo.net,netflix
656b9a2f4de6ed4909e157482860ab3d,53c08380104ca48b655af0e3e98dee12,ipv4-c022-vie001-ix.1.oca.nflxvideo.net,netflix
656b9a2f4de6ed4909e157482860ab3d,53c08380104ca48b655af0e3e98dee12,ipv4-c033-vie001-ix.1.oca.nflxvideo.net,netflix
656b9a2f4de6ed4909e157482860ab3d,53c08380104ca48b655af0e3e98dee12,ipv4-c045-vie001-ix.1.oca.nflxvideo.net,netflix
656b9a2f4de6ed4909e157482860ab3d,53c08380104ca48b655af0e3e98dee12,ipv4-c017-vie001-ix.1.oca.nflxvideo.net,netflix
39393f7cbec6c22fb14ecc6585bbbbdb,53c08380104ca48b655af0e3e98dee12,ipv4-c127-fra002-ix.1.oca.nflxvideo.net,netflix
39393f7cbec6c22fb14ecc6585bbbbdb,53c08380104ca48b655af0e3e98dee12,ipv4-c123-fra002-ix.1.oca.nflxvideo.net,netflix
39393f7cbec6c22fb14ecc6585bbbbdb,53c08380104ca48b655af0e3e98dee12,ipv4-c102-fra002-ix.1.oca.nflxvideo.net,netflix
39393f7cbec6c22fb14ecc6585bbbbdb,53c08380104ca48b655af0e3e98dee12,ipv4-c067-fra002-ix.1.oca.nflxvideo.net,netflix
39393f7cbec6c22fb14ecc6585bbbbdb,53c08380104ca48b655af0e3e98dee12,ipv4-c065-fra002-ix.1.oca.nflxvideo.net,netflix
39393f7cbec6c22fb14ecc6585bbbbdb,53c08380104ca48b655af0e3e98dee12,ipv4-c078-fra002-ix.1.oca.nflxvideo.net,netflix
39393f7cbec6c22fb14ecc6585bbbbdb,53c08380104ca48b655af0e3e98dee12,ipv4-c120-fra002-ix.1.oca.nflxvideo.net,netflix
39393f7cbec6c22fb14ecc6585bbbbdb,53c08380104ca48b655af0e3e98dee12,ipv4-c028-fra002-ix.1.oca.nflxvideo.net,netflix
39393f7cbec6c22fb14ecc6585bbbbdb,53c08380104ca48b655af0e3e98dee12,ipv4-c092-fra002-ix.1.oca.nflxvideo.net,netflix
39393f7cbec6c22fb14ecc6585bbbbdb,53c08380104ca48b655af0e3e98dee12,ipv4-c063-fra002-ix.1.oca.nflxvideo.net,netflix
39393f7cbec6c22fb14ecc6585bbbbdb,53c08380104ca48b655af0e3e98dee12,ipv4-c072-fra002-ix.1.oca.nflxvideo.net,netflix
39393f7cbec6c22fb14ecc6585bbbbdb,53c08380104ca48b655af0e3e98dee12,ipv4-c004-fra002-dev-ix.1.oca.nflxvideo.net,netflix
39393f7cbec6c22fb14ecc6585bbbbdb,53c08380104ca48b655af0e3e98dee12,ipv4-c046-vie001-ix.1.oca.nflxvideo.net,netflix
39393f7cbec6c22fb14ecc6585bbbbdb,53c08380104ca48b655af0e3e98dee12,ipv4-c039-vie001-ix.1.oca.nflxvideo.net,netflix
39393f7cbec6c22fb14ecc6585bbbbdb,53c08380104ca48b655af0e3e98dee12,ipv4-c057-vie001-ix.1.oca.nflxvideo.net,netflix
39393f7cbec6c22fb14ecc6585bbbbdb,53c08380104ca48b655af0e3e98dee12,ipv4-c045-vie001-ix.1.oca.nflxvideo.net,netflix
39393f7cbec6c22fb14ecc6585bbbbdb,53c08380104ca48b655af0e3e98dee12,ipv4-c027-vie001-ix.1.oca.nflxvideo.net,netflix
39393f7cbec6c22fb14ecc6585bbbbdb,53c08380104ca48b655af0e3e98dee12,ipv4-c044-vie001-ix.1.oca.nflxvideo.net,netflix
39393f7cbec6c22fb14ecc6585bbbbdb,53c08380104ca48b655af0e3e98dee12,ipv4-c070-fra002-ix.1.oca.nflxvideo.net,netflix
39393f7cbec6c22fb14ecc6585bbbbdb,53c08380104ca48b655af0e3e98dee12,ipv4-c030-fra002-ix.1.oca.nflxvideo.net,netflix
39393f7cbec6c22fb14ecc6585bbbbdb,53c08380104ca48b655af0e3e98dee12,ipv4-c100-fra002-ix.1.oca.nflxvideo.net,netflix
39393f7cbec6c22fb14ecc6585bbbbdb,53c08380104ca48b655af0e3e98dee12,ipv4-c007-fra002-ix.1.oca.nflxvideo.net,netflix
39393f7cbec6c22fb14ecc6585bbbbdb,078802f057e203b0376c1876005acd82,ios-h2.prod.ftl.netflix.com,netflix
39393f7cbec6c22fb14ecc6585bbbbdb,53c08380104ca48b655af0e3e98dee12,ipv4-c023-vie001-ix.1.oca.nflxvideo.net,netflix
39393f7cbec6c22fb14ecc6585bbbbdb,53c08380104ca48b655af0e3e98dee12,ipv4-c031-vie001-ix.1.oca.nflxvideo.net,netflix
39393f7cbec6c22fb14ecc6585bbbbdb,53c08380104ca48b655af0e3e98dee12,ipv4-c019-vie001-ix.1.oca.nflxvideo.net,netflix
39393f7cbec6c22fb14ecc6585bbbbdb,53c08380104ca48b655af0e3e98dee12,ipv4-c030-vie001-ix.1.oca.nflxvideo.net,netflix
656b9a2f4de6ed4909e157482860ab3d,53c08380104ca48b655af0e3e98dee12,ipv4-c023-vie001-ix.1.oca.nflxvideo.net,netflix
656b9a2f4de6ed4909e157482860ab3d,53c08380104ca48b655af0e3e98dee12,ipv4-c030-vie001-ix.1.oca.nflxvideo.net,netflix
656b9a2f4de6ed4909e157482860ab3d,53c08380104ca48b655af0e3e98dee12,ipv4-c031-vie001-ix.1.oca.nflxvideo.net,netflix
39393f7cbec6c22fb14ecc6585bbbbdb,53c08380104ca48b655af0e3e98dee12,ipv4-c038-fra002-ix.1.oca.nflxvideo.net,netflix
656b9a2f4de6ed4909e157482860ab3d,53c08380104ca48b655af0e3e98dee12,ipv4-c038-fra002-ix.1.oca.nflxvideo.net,netflix
656b9a2f4de6ed4909e157482860ab3d,53c08380104ca48b655af0e3e98dee12,ipv4-c041-fra002-ix.1.oca.nflxvideo.net,netflix
39393f7cbec6c22fb14ecc6585bbbbdb,53c08380104ca48b655af0e3e98dee12,ipv4-c040-vie001-ix.1.oca.nflxvideo.net,netflix
656b9a2f4de6ed4909e157482860ab3d,53c08380104ca48b655af0e3e98dee12,ipv4-c021-vie001-ix.1.oca.nflxvideo.net,netflix
656b9a2f4de6ed4909e157482860ab3d,53c08380104ca48b655af0e3e98dee12,ipv4-c003-vie001-ix.1.oca.nflxvideo.net,netflix
656b9a2f4de6ed4909e157482860ab3d,53c08380104ca48b655af0e3e98dee12,ipv4-c048-vie001-ix.1.oca.nflxvideo.net,netflix
39393f7cbec6c22fb14ecc6585bbbbdb,53c08380104ca48b655af0e3e98dee12,ipv4-c035-vie001-ix.1.oca.nflxvideo.net,netflix
656b9a2f4de6ed4909e157482860ab3d,53c08380104ca48b655af0e3e98dee12,ipv4-c004-vie001-ix.1.oca.nflxvideo.net,netflix
656b9a2f4de6ed4909e157482860ab3d,53c08380104ca48b655af0e3e98dee12,ipv4-c013-vie001-ix.1.oca.nflxvideo.net,netflix
39393f7cbec6c22fb14ecc6585bbbbdb,53c08380104ca48b655af0e3e98dee12,bin.bnbstatic.com,binance
39393f7cbec6c22fb14ecc6585bbbbdb,53c08380104ca48b655af0e3e98dee12,www.binance.com,binance
39393f7cbec6c22fb14ecc6585bbbbdb,72d7d0a70390b5f7997d7eeac5587779,c.riskified.com,binance
39393f7cbec6c22fb14ecc6585bbbbdb,cb088b6d5cc926a270736c2a2c7ad229,c.riskified.com,binance
39393f7cbec6c22fb14ecc6585bbbbdb,53c08380104ca48b655af0e3e98dee12,www.binance.cc,binance
39393f7cbec6c22fb14ecc6585bbbbdb,53c08380104ca48b655af0e3e98dee12,report.binance.im,binance
66b2d7acea2c20aeeebd69c8d44089d7,e5d884997038f295b595cb69afbfdb85,nbstream.binance.com,binance
39393f7cbec6c22fb14ecc6585bbbbdb,53c08380104ca48b655af0e3e98dee12,www.hanqiweb.net,binance
e4d448cdfe06dc1243c1eb026c74ac9a,e5d884997038f295b595cb69afbfdb85,fstream.binance.com,binance
e4d448cdfe06dc1243c1eb026c74ac9a,62def7e1633605e65fa85983d8be4a76,dstream.binance.com,binance
39393f7cbec6c22fb14ecc6585bbbbdb,53c08380104ca48b655af0e3e98dee12,www.shyqxxy.com,binance
39393f7cbec6c22fb14ecc6585bbbbdb,53c08380104ca48b655af0e3e98dee12,www.hanqiweb.cn,binance
39393f7cbec6c22fb14ecc6585bbbbdb,53c08380104ca48b655af0e3e98dee12,frontend-m.binance.cloud,binance
39393f7cbec6c22fb14ecc6585bbbbdb,53c08380104ca48b655af0e3e98dee12,sensors.binance.cloud,binance
39393f7cbec6c22fb14ecc6585bbbbdb,53c08380104ca48b655af0e3e98dee12,ex.bnbstatic.com,binance
656b9a2f4de6ed4909e157482860ab3d,53c08380104ca48b655af0e3e98dee12,bin.bnbstatic.com,binance
656b9a2f4de6ed4909e157482860ab3d,078802f057e203b0376c1876005acd82,www.googletagmanager.com,binance
656b9a2f4de6ed4909e157482860ab3d,078802f057e203b0376c1876005acd82,www.google-analytics.com,binance
656b9a2f4de6ed4909e157482860ab3d,72d7d0a70390b5f7997d7eeac5587779,report.binance.gg,binance
4f5db9264e36d1afb9b3296b9bb5630d,9d9e69768eb8f3c960ca0e97a8e6f61d,www.binance.com,binance
4f5db9264e36d1afb9b3296b9bb5630d,9d9e69768eb8f3c960ca0e97a8e6f61d,bin.bnbstatic.com,binance
39393f7cbec6c22fb14ecc6585bbbbdb,078802f057e203b0376c1876005acd82,fcmtoken.googleapis.com,blockfolio
39393f7cbec6c22fb14ecc6585bbbbdb,078802f057e203b0376c1876005acd82,firebaseremoteconfig.googleapis.com,blockfolio
39393f7cbec6c22fb14ecc6585bbbbdb,72d7d0a70390b5f7997d7eeac5587779,platform-api.blockfolio.com,blockfolio
39393f7cbec6c22fb14ecc6585bbbbdb,53c08380104ca48b655af0e3e98dee12,media.blockfolio.com,blockfolio
39393f7cbec6c22fb14ecc6585bbbbdb,078802f057e203b0376c1876005acd82,miro.medium.com,blockfolio
39393f7cbec6c22fb14ecc6585bbbbdb,53c08380104ca48b655af0e3e98dee12,static.coindesk.com,blockfolio
39393f7cbec6c22fb14ecc6585bbbbdb,078802f057e203b0376c1876005acd82,images.cointelegraph.com,blockfolio
39393f7cbec6c22fb14ecc6585bbbbdb,078802f057e203b0376c1876005acd82,cointelegraph.com,blockfolio
39393f7cbec6c22fb14ecc6585bbbbdb,078802f057e203b0376c1876005acd82,static.cryptobriefing.com,blockfolio
66918128f1b9b03303d77c6f2eefd128,67d918caa2ed9d32ab87804958ec217c,api16-core-c-alisg.tiktokv.com,tiktok
66918128f1b9b03303d77c6f2eefd128,67d918caa2ed9d32ab87804958ec217c,api16-normal-c-alisg.tiktokv.com,tiktok
66918128f1b9b03303d77c6f2eefd128,568c67cde0724c98b1b0e71ce31bc097,api19-normal-c-alisg.tiktokv.com,tiktok
66918128f1b9b03303d77c6f2eefd128,568c67cde0724c98b1b0e71ce31bc097,api19-core-c-alisg.tiktokv.com,tiktok
66918128f1b9b03303d77c6f2eefd128,67d918caa2ed9d32ab87804958ec217c,vcs-va.tiktokv.com,tiktok
66918128f1b9b03303d77c6f2eefd128,67d918caa2ed9d32ab87804958ec217c,log16-normal-c-useast1a.tiktokv.com,tiktok
66918128f1b9b03303d77c6f2eefd128,67d918caa2ed9d32ab87804958ec217c,tnc16-platform-alisg.tiktokv.com,tiktok
66918128f1b9b03303d77c6f2eefd128,67d918caa2ed9d32ab87804958ec217c,api16-normal-c-useast1a.tiktokv.com,tiktok
66918128f1b9b03303d77c6f2eefd128,67d918caa2ed9d32ab87804958ec217c,gecko16-normal-c-useast1a.tiktokv.com,tiktok
66918128f1b9b03303d77c6f2eefd128,67d918caa2ed9d32ab87804958ec217c,hotapi-va.tiktokv.com,tiktok
66918128f1b9b03303d77c6f2eefd128,67d918caa2ed9d32ab87804958ec217c,api16-core-c-useast1a.tiktokv.com,tiktok
66918128f1b9b03303d77c6f2eefd128,67d918caa2ed9d32ab87804958ec217c,webcast16-normal-c-useast1a.tiktokv.com,tiktok
f58f4c92d50fe2785d35d6e2eb8756f2,67d918caa2ed9d32ab87804958ec217c,frontier-va.tiktokv.com,tiktok
66918128f1b9b03303d77c6f2eefd128,67d918caa2ed9d32ab87804958ec217c,p77-sign-va.tiktokcdn.com,tiktok
66918128f1b9b03303d77c6f2eefd128,67d918caa2ed9d32ab87804958ec217c,im16-normal-c-useast1a.tiktokv.com,tiktok
8f41a697eff27e008f969cf7b5ba4117,b136f66f74a1dbd0cc69c387c01ac190,api19-core-c-useast1a.tiktokv.com,tiktok
2c776785ee603cc85d37df996bb90cc8,8147dcbd5098e2edf29038d9a76170e1,v77.tiktokcdn.com,tiktok
66918128f1b9b03303d77c6f2eefd128,67d918caa2ed9d32ab87804958ec217c,p16-sign-va.tiktokcdn.com,tiktok
656b9a2f4de6ed4909e157482860ab3d,078802f057e203b0376c1876005acd82,firebaselogging-pa.googleapis.com,tiktok
554719594ba90b02ae410c297c6e50ad,18aa5ad8e5f9902355b56ebcacecf6df,gecko16-normal-c-useast1a.tiktokv.com,tiktok
2c776785ee603cc85d37df996bb90cc8,48c9537a92454f89bc4e1d9a9deb910b,api16-normal-c-useast1a.tiktokv.com,tiktok
66918128f1b9b03303d77c6f2eefd128,67d918caa2ed9d32ab87804958ec217c,p16-sign-sg.tiktokcdn.com,tiktok
66918128f1b9b03303d77c6f2eefd128,67d918caa2ed9d32ab87804958ec217c,p77-sign-sg.tiktokcdn.com,tiktok
66918128f1b9b03303d77c6f2eefd128,67d918caa2ed9d32ab87804958ec217c,p77-sg.tiktokcdn.com,tiktok
66918128f1b9b03303d77c6f2eefd128,67d918caa2ed9d32ab87804958ec217c,p16-va-tiktok.ibyteimg.com,tiktok
66918128f1b9b03303d77c6f2eefd128,c596add9e2331f79e2e6f4c6198d37fa,p16-tiktokcdn-com.akamaized.net,tiktok
8f41a697eff27e008f969cf7b5ba4117,90fe2d0b8f5edd987b0a0c8ae920ec5a,p16-tiktokcdn-com.akamaized.net,tiktok
66918128f1b9b03303d77c6f2eefd128,67d918caa2ed9d32ab87804958ec217c,jsb-va.tiktokv.com,tiktok
66918128f1b9b03303d77c6f2eefd128,67d918caa2ed9d32ab87804958ec217c,mon.tiktokv.com,tiktok
66918128f1b9b03303d77c6f2eefd128,67d918caa2ed9d32ab87804958ec217c,mon-va.tiktokv.com,tiktok
66918128f1b9b03303d77c6f2eefd128,67d918caa2ed9d32ab87804958ec217c,xlog16-normal-c-useast1a.tiktokv.com,tiktok
554719594ba90b02ae410c297c6e50ad,18aa5ad8e5f9902355b56ebcacecf6df,log16-normal-c-useast1a.tiktokv.com,tiktok
554719594ba90b02ae410c297c6e50ad,18aa5ad8e5f9902355b56ebcacecf6df,p16-sign-va.tiktokcdn.com,tiktok
554719594ba90b02ae410c297c6e50ad,18aa5ad8e5f9902355b56ebcacecf6df,p16-sign-sg.tiktokcdn.com,tiktok
656b9a2f4de6ed4909e157482860ab3d,078802f057e203b0376c1876005acd82,play.googleapis.com,tiktok
656b9a2f4de6ed4909e157482860ab3d,67d918caa2ed9d32ab87804958ec217c,platform.twitter.com,tiktok
39393f7cbec6c22fb14ecc6585bbbbdb,078802f057e203b0376c1876005acd82,lh3.googleusercontent.com,gmail
39393f7cbec6c22fb14ecc6585bbbbdb,078802f057e203b0376c1876005acd82,www.googleapis.com,gmail
39393f7cbec6c22fb14ecc6585bbbbdb,078802f057e203b0376c1876005acd82,oauthaccountmanager.googleapis.com,gmail
52bea59cf17d9fd5dedd2835fd8e1afe,078802f057e203b0376c1876005acd82,meetings.googleapis.com,gmail
39393f7cbec6c22fb14ecc6585bbbbdb,078802f057e203b0376c1876005acd82,inbox.google.com,gmail
39393f7cbec6c22fb14ecc6585bbbbdb,078802f057e203b0376c1876005acd82,cloudidentity.googleapis.com,gmail
39393f7cbec6c22fb14ecc6585bbbbdb,078802f057e203b0376c1876005acd82,peoplestack-pa.googleapis.com,gmail
39393f7cbec6c22fb14ecc6585bbbbdb,078802f057e203b0376c1876005acd82,notifications-pa.googleapis.com,gmail
656b9a2f4de6ed4909e157482860ab3d,078802f057e203b0376c1876005acd82,ci3.googleusercontent.com,gmail
656b9a2f4de6ed4909e157482860ab3d,078802f057e203b0376c1876005acd82,ci4.googleusercontent.com,gmail
656b9a2f4de6ed4909e157482860ab3d,078802f057e203b0376c1876005acd82,ci6.googleusercontent.com,gmail
39393f7cbec6c22fb14ecc6585bbbbdb,078802f057e203b0376c1876005acd82,mail.google.com,gmail
39393f7cbec6c22fb14ecc6585bbbbdb,078802f057e203b0376c1876005acd82,growth-pa.googleapis.com,gmail
656b9a2f4de6ed4909e157482860ab3d,078802f057e203b0376c1876005acd82,ci5.googleusercontent.com,gmail
39393f7cbec6c22fb14ecc6585bbbbdb,078802f057e203b0376c1876005acd82,play.googleapis.com,gmail
39393f7cbec6c22fb14ecc6585bbbbdb,078802f057e203b0376c1876005acd82,lh6.googleusercontent.com,gmail
39393f7cbec6c22fb14ecc6585bbbbdb,078802f057e203b0376c1876005acd82,www.google.com,gmail
39393f7cbec6c22fb14ecc6585bbbbdb,078802f057e203b0376c1876005acd82,accountsettingsmobile-pa.googleapis.com,gmail
39393f7cbec6c22fb14ecc6585bbbbdb,078802f057e203b0376c1876005acd82,www.googleadservices.com,gmail
656b9a2f4de6ed4909e157482860ab3d,078802f057e203b0376c1876005acd82,ajax.googleapis.com,gmail
656b9a2f4de6ed4909e157482860ab3d,078802f057e203b0376c1876005acd82,fonts.googleapis.com,gmail
39393f7cbec6c22fb14ecc6585bbbbdb,53c08380104ca48b655af0e3e98dee12,graph.facebook.com,gmail
39393f7cbec6c22fb14ecc6585bbbbdb,078802f057e203b0376c1876005acd82,www.googletagmanager.com,gmail
39393f7cbec6c22fb14ecc6585bbbbdb,078802f057e203b0376c1876005acd82,firebaseinappmessaging.googleapis.com,gmail
39393f7cbec6c22fb14ecc6585bbbbdb,078802f057e203b0376c1876005acd82,cloudsearch.googleapis.com,gmail
39393f7cbec6c22fb14ecc6585bbbbdb,078802f057e203b0376c1876005acd82,device-provisioning.googleapis.com,kaloricketabulky
39393f7cbec6c22fb14ecc6585bbbbdb,078802f057e203b0376c1876005acd82,firebasedynamiclinks.googleapis.com,kaloricketabulky
39393f7cbec6c22fb14ecc6585bbbbdb,53c08380104ca48b655af0e3e98dee12,web.facebook.com,kaloricketabulky
39393f7cbec6c22fb14ecc6585bbbbdb,67d918caa2ed9d32ab87804958ec217c,api.kaloricketabulky.cz,kaloricketabulky
39393f7cbec6c22fb14ecc6585bbbbdb,67d918caa2ed9d32ab87804958ec217c,kaloricketabulky.cz,kaloricketabulky
656b9a2f4de6ed4909e157482860ab3d,078802f057e203b0376c1876005acd82,oauthaccountmanager.googleapis.com,kaloricketabulky
656b9a2f4de6ed4909e157482860ab3d,078802f057e203b0376c1876005acd82,www.googleapis.com,kaloricketabulky
656b9a2f4de6ed4909e157482860ab3d,078802f057e203b0376c1876005acd82,mobilemaps.googleapis.com,kaloricketabulky
656b9a2f4de6ed4909e157482860ab3d,078802f057e203b0376c1876005acd82,crashlyticsreports-pa.googleapis.com,twitter
656b9a2f4de6ed4909e157482860ab3d,67d918caa2ed9d32ab87804958ec217c,video.twimg.com,twitter
39393f7cbec6c22fb14ecc6585bbbbdb,72d7d0a70390b5f7997d7eeac5587779,api.twitter.com,twitter
656b9a2f4de6ed4909e157482860ab3d,67d918caa2ed9d32ab87804958ec217c,pbs.twimg.com,twitter
656b9a2f4de6ed4909e157482860ab3d,61d12fbf7a416bd3aeb85437db851d51,caps.twitter.com,twitter
656b9a2f4de6ed4909e157482860ab3d,72d7d0a70390b5f7997d7eeac5587779,probe.twitter.com,twitter
656b9a2f4de6ed4909e157482860ab3d,72d7d0a70390b5f7997d7eeac5587779,api-40-0-0.twitter.com,twitter
656b9a2f4de6ed4909e157482860ab3d,67d918caa2ed9d32ab87804958ec217c,abs.twimg.com,twitter
656b9a2f4de6ed4909e157482860ab3d,72d7d0a70390b5f7997d7eeac5587779,api-34-0-0.twitter.com,twitter
656b9a2f4de6ed4909e157482860ab3d,72d7d0a70390b5f7997d7eeac5587779,api-2-0-0.twitter.com,twitter
656b9a2f4de6ed4909e157482860ab3d,72d7d0a70390b5f7997d7eeac5587779,api-0-4-6.twitter.com,twitter
656b9a2f4de6ed4909e157482860ab3d,72d7d0a70390b5f7997d7eeac5587779,api-33-0-0.twitter.com,twitter
656b9a2f4de6ed4909e157482860ab3d,72d7d0a70390b5f7997d7eeac5587779,api-0-4-3.twitter.com,twitter
656b9a2f4de6ed4909e157482860ab3d,72d7d0a70390b5f7997d7eeac5587779,api-41-0-0.twitter.com,twitter
656b9a2f4de6ed4909e157482860ab3d,61d12fbf7a416bd3aeb85437db851d51,api-24-0-0.twitter.com,twitter
656b9a2f4de6ed4909e157482860ab3d,61d12fbf7a416bd3aeb85437db851d51,api-1-0-0.twitter.com,twitter
39393f7cbec6c22fb14ecc6585bbbbdb,61d12fbf7a416bd3aeb85437db851d51,api.twitter.com,twitter
656b9a2f4de6ed4909e157482860ab3d,72d7d0a70390b5f7997d7eeac5587779,api-26-0-0.twitter.com,twitter
656b9a2f4de6ed4909e157482860ab3d,61d12fbf7a416bd3aeb85437db851d51,api-0-4-6.twitter.com,twitter
656b9a2f4de6ed4909e157482860ab3d,72d7d0a70390b5f7997d7eeac5587779,api-23-0-0.twitter.com,twitter
656b9a2f4de6ed4909e157482860ab3d,72d7d0a70390b5f7997d7eeac5587779,api-36-0-0.twitter.com,twitter
656b9a2f4de6ed4909e157482860ab3d,72d7d0a70390b5f7997d7eeac5587779,api-stream.twitter.com,twitter
